code,system
dnbT.,readv2
dnbR.,readv2
dnq6.,readv2
dnbP.,readv2
dnbS.,readv2
dnq5.,readv2
dnbH.,readv2
dnos.,readv2
dnbI.,readv2
dnbQ.,readv2
dnot.,readv2
dn8y.,readv2
dnm4.,readv2
dnmw.,readv2
dnr4.,readv2
dn81.,readv2
dnaz.,readv2
d268.,readv2
dnrw.,readv2
dn8z.,readv2
dntD.,readv2
dnbz.,readv2
dnb5.,readv2
dn5z.,readv2
dnv7.,readv2
dnv1.,readv2
dnf3.,readv2
dn91.,readv2
dn9y.,readv2
dnvC.,readv2
dnkD.,readv2
dnk1.,readv2
dnf1.,readv2
dnow.,readv2
dn94.,readv2
dnpy.,readv2
dnk4.,readv2
dno4.,readv2
dnjA.,readv2
dnt9.,readv2
dn82.,readv2
dnt3.,readv2
dn83.,readv2
dnp2.,readv2
dnbb.,readv2
dnba.,readv2
dnb9.,readv2
dn53.,readv2
dn54.,readv2
dnw5.,readv2
dnw2.,readv2
dnw4.,readv2
dnw1.,readv2
dnw6.,readv2
dnw3.,readv2
dnr3.,readv2
dnr1.,readv2
dnr2.,readv2
dnh2.,readv2
dnh3.,readv2
dnh1.,readv2
dnbc.,readv2
dnbd.,readv2
dn74.,readv2
dn73.,readv2
dn71.,readv2
dn7d.,readv2
dn7..,readv2
dn72.,readv2
dnv5.,readv2
dnv2.,readv2
dnv4.,readv2
dnv3.,readv2
dnv6.,readv2
dn3z.,readv2
dnb4.,readv2
dn37.,readv2
dnt8.,readv2
dnt2.,readv2
dntE.,readv2
dnbA.,readv2
dnq1.,readv2
dnfA.,readv2
dnk7.,readv2
dn9x.,readv2
dnpz.,readv2
dnl4.,readv2
dnf5.,readv2
dnq4.,readv2
dnp8.,readv2
dnf8.,readv2
dnf7.,readv2
d266.,readv2
dnkA.,readv2
dnp1.,readv2
dn93.,readv2
dnl1.,readv2
dnf6.,readv2
dnkC.,readv2
dnps.,readv2
dnk8.,readv2
dnfB.,readv2
dn3..,readv2
dn3a.,readv2
dnm..,readv2
dn32.,readv2
dn31.,readv2
dnmy.,readv2
dn3x.,readv2
dnmx.,readv2
dn3b.,readv2
dn33.,readv2
dn3y.,readv2
k811.,readv2
k812.,readv2
k815.,readv2
dnbC.,readv2
dnbB.,readv2
dnpv.,readv2
dnpx.,readv2
dnp..,readv2
dnpu.,readv2
dnpt.,readv2
dn8..,readv2
dn92.,readv2
dnj2.,readv2
dnj1.,readv2
dnj3.,readv2
dnj..,readv2
dnbn.,readv2
dnbM.,readv2
dnb7.,readv2
dnbo.,readv2
dnbv.,readv2
dnbr.,readv2
dnby.,readv2
dnb8.,readv2
dnbt.,readv2
dnbL.,readv2
dnbK.,readv2
dnbJ.,readv2
dnbs.,readv2
dnbp.,readv2
dnbq.,readv2
dnf2.,readv2
dnfE.,readv2
dnf..,readv2
dnfz.,readv2
dnfC.,readv2
dnvB.,readv2
dnv9.,readv2
dnv..,readv2
dnv8.,readv2
dnvA.,readv2
dnwx.,readv2
dnwy.,readv2
dnw..,readv2
dnwv.,readv2
dnww.,readv2
dnwu.,readv2
dnwz.,readv2
dnrx.,readv2
dnr..,readv2
dnrz.,readv2
dnry.,readv2
dnhy.,readv2
dnhz.,readv2
dnh5.,readv2
dnh4.,readv2
dnh..,readv2
dnh6.,readv2
dnt4.,readv2
dnt6.,readv2
dnt5.,readv2
dnk2.,readv2
dnk3.,readv2
dnk..,readv2
dnk9.,readv2
dnt..,readv2
dntA.,readv2
dntC.,readv2
dntB.,readv2
dne2.,readv2
dne4.,readv2
dnmz.,readv2
dnj7.,readv2
dnj9.,readv2
dnjy.,readv2
dnjx.,readv2
dn36.,readv2
dn3d.,readv2
dn35.,readv2
dn34.,readv2
dn3c.,readv2
dn11.,readv2
dn1y.,readv2
dnh8.,readv2
dn12.,readv2
dnh7.,readv2
dnfD.,readv2
dnf4.,readv2
dnfG.,readv2
dnfH.,readv2
dnfJ.,readv2
dnfF.,readv2
dnf9.,readv2
dno7.,readv2
dnor.,readv2
dno8.,readv2
dno9.,readv2
dn76.,readv2
dn6..,readv2
dn6y.,readv2
dn75.,readv2
dn77.,readv2
dn6x.,readv2
dn6z.,readv2
dn98.,readv2
dn97.,readv2
dnp4.,readv2
dnp6.,readv2
dnp7.,readv2
dnp3.,readv2
dn3K.,readv2
dn3J.,readv2
dnl5.,readv2
dnl6.,readv2
dnjz.,readv2
dnu2.,readv2
dnj8.,readv2
dnu1.,readv2
dn7b.,readv2
dn7c.,readv2
dn7a.,readv2
dn41.,readv2
dnbe.,readv2
dn4y.,readv2
d261.,readv2
d263.,readv2
dnc1.,readv2
d26..,readv2
dn51.,readv2
dn5x.,readv2
dn5..,readv2
dnq..,readv2
dnq2.,readv2
dnq3.,readv2
dne3.,readv2
dne1.,readv2
dne..,readv2
dn56.,readv2
dn55.,readv2
dn96.,readv2
dn95.,readv2
dn4x.,readv2
dn4z.,readv2
dn4w.,readv2
dn38.,readv2
dn39.,readv2
dna..,readv2
dnax.,readv2
dnay.,readv2
dnj5.,readv2
dnj6.,readv2
dnj4.,readv2
dn3C.,readv2
dn3A.,readv2
dn3B.,readv2
k81..,readv2
k81w.,readv2
k81y.,readv2
k81x.,readv2
dn1x.,readv2
dnox.,readv2
dnov.,readv2
dnoy.,readv2
dnoz.,readv2
dno..,readv2
dn3I.,readv2
dn3H.,readv2
dnbU.,readv2
dnu..,readv2
d264.,readv2
d262.,readv2
dnm1.,readv2
dnm3.,readv2
dnm2.,readv2
dnk5.,readv2
dnk6.,readv2
dn1..,readv2
dnc..,readv2
dn4..,readv2
dnkB.,readv2
dnkE.,readv2
dnb3.,readv2
dnb1.,readv2
dnb2.,readv2
dnb..,readv2
dn9z.,readv2
dnbx.,readv2
dn9..,readv2
dnbw.,readv2
dn9w.,readv2
dnoA.,readv2
dn62.,readv2
dn61.,readv2
dn63.,readv2
dno2.,readv2
dno1.,readv2
dno3.,readv2
dno5.,readv2
dnp9.,readv2
dnpr.,readv2
dnl2.,readv2
dnl..,readv2
dnl3.,readv2
dn42.,readv2
dna2.,readv2
dna3.,readv2
dna1.,readv2
dnpw.,readv2
dnp5.,readv2
dn5y.,readv2
dn52.,readv2
d267.,readv2
d265.,readv2
dnbF.,readv2
dnbG.,readv2
dn3G.,readv2
dn3F.,readv2